ID,Name,Damage,Healing,Duration,Cooldown,Accuracy,Type,Popularity
826,Weakening Blow,20,,,,100%,Humanoid,8
919,Black Claw,,,3 turns,,100%,Beast,4
256,Call Darkness,45,,5 turns,5 turns,100%,Humanoid,4
204,Call Lightning,45,,5 turns,5 turns,100%,Mechanical,3
581,Flock,45,,2 turns,,100%,Flying,3
273,Wish,,,1 turns,5 turns,100%,Magic,3
1357,Superbark,35,,,4 turns,100%,Beast,3
404,Sunlight,45,,9 turns,5 turns,100%,Elemental,3
504,Alpha Strike,25,,,,100%,Flying,3
362,Howl,,,2 turns,3 turns,100%,Beast,3
190,Cyclone,,,5 turns,5 turns,100%,Flying,2
592,Wild Magic,,,5 turns,,100%,Magic,2
152,Poison Fang,10,,5 turns,,100%,Beast,2
172,Scorched Earth,27,,9 turns,3 turns,100%,Dragonkin,2
334,Decoy,,,,8 turns,100%,Mechanical,2
170,Lift-Off,30,,1 turns,4 turns,100%,Flying,2
589,Arcane Storm,24,,9 turns,3 turns,100%,Magic,2
511,Renewing Mists,,,3 turns,,100%,Aquatic,2
312,Dodge,,,1 turns,4 turns,100%,Humanoid,2
209,Ion Cannon,50,,,5 turns,100%,Mechanical,2
513,Whirlpool,,,2 turns,3 turns,100%,Aquatic,2
384,Metal Fist,20,,,,100%,Mechanical,2
2223,Murder the Innocent,30,,,3 turns,100%,Magic,2
208,Supercharge,,,1 turns,3 turns,100%,Mechanical,2
489,Mana Surge,105,,,3 turns,100%,Magic,2
115,Breath,21,,,,100%,Dragonkin,2
593,Surge of Power,50,,2 turns,5 turns,100%,Magic,2
934,Bubble,,,,8 turns,100%,Humanoid,2
519,Apocalypse,,,15 turns,20 turns,100%,Critter,2
490,Deflection,,,,3 turns,100%,Humanoid,2
210,Shadow Slash,21,,,,100%,Undead,2
163,Stampede,45,,2 turns,,100%,Critter,2
228,Tongue Lash,30,,,,50%,Critter,2
218,Curse of Doom,,,4 turns,5 turns,100%,Undead,2
657,Plagued Blood,16,,5 turns,,100%,Undead,2
453,Sandstorm,45,,5 turns,5 turns,100%,Flying,2
360,Flurry,30,,,,50%,Critter,2
517,Nocturnal Strike,40,,,3 turns,50%,Flying,2
652,Haunt,,,4 turns,4 turns,100%,Undead,2
421,Arcane Blast,15,,,,100%,Magic,2
117,Infected Claw,22,,,,100%,Undead,2
233,Frog Kiss,10,,1 turns,1 turns,25%,Aquatic,2
710,Build Turret,,,4 turns,2 turns,100%,Mechanical,2
420,Slicing Wind,30,,,,33%,Flying,2
179,Conflagrate,40,,,4 turns,100%,Elemental,2
459,Wind-Up,,,,,100%,Mechanical,2
712,Railgun,21,,,,100%,Elemental,2
595,Moonfire,27,,9 turns,3 turns,100%,Magic,2
779,Thunderbolt,36,,,4 turns,100%,Elemental,2
814,Rupture,30,,1 turns,4 turns,25%,Elemental,2
538,Devour,30,60,,1 turns,100%,Beast,2
1050,Puncture Wound,40,,,3 turns,100%,Beast,2
307,Kick,15,,,3 turns,100%,Humanoid,2
646,Shock and Awe,30,,1 turns,4 turns,25%,Mechanical,2
369,Acidic Goo,,,3 turns,,100%,Critter,2
418,Geyser,,,3 turns,5 turns,100%,Elemental,2
254,Tranquility,,,2 turns,,100%,Critter,2
406,Crush,22,,,,100%,Humanoid,2
515,Flyby,10,,3 turns,,100%,Flying,2
366,Dazzling Dance,,,9 turns,,100%,Critter,2
321,Unholy Ascension,,,9 turns,,100%,Undead,2
422,Shadow Shock,22,,,,100%,Undead,2
230,Cleansing Rain,,27,9 turns,3 turns,100%,Aquatic,2
122,Tail Sweep,43,,,,100%,Dragonkin,2
598,Emerald Dream,,,2 turns,5 turns,100%,Dragonkin,2
870,Murder,45,,2 turns,,100%,Flying,2
539,Bleat,,45,,4 turns,100%,Critter,2
445,Ooze Touch,20,,,,100%,Magic,2
786,Blistering Cold,,,4 turns,2 turns,100%,Elemental,2
901,Fel Immolate,12,,4 turns,,100%,Elemental,2
803,Rip,10,,5 turns,,100%,Beast,2
258,Starfall,18,18,9 turns,4 turns,100%,Dragonkin,1
444,Prismatic Barrier,,,,5 turns,100%,Magic,1
159,Burrow,30,,1 turns,4 turns,100%,Beast,1
305,Exposed Wounds,,,5 turns,,100%,Beast,1
455,Batter,30,,,,50%,Mechanical,1
514,Wild Winds,18,,2 turns,,100%,Flying,1
665,Consume Corpse,,50,,3 turns,100%,Undead,1
206,Call Blizzard,27,,9 turns,3 turns,100%,Elemental,1
202,Thrash,30,,,,50%,Beast,1
310,Shell Shield,,,5 turns,,100%,Beast,1
376,Headbutt,30,,1 turns,4 turns,25%,Beast,1
472,Blast of Hatred,25,,,,100%,Magic,1
113,Burn,21,,,,100%,Elemental,1
319,Magma Wave,21,,,,100%,Elemental,1
402,Stun Seed,,,2 turns,5 turns,100%,Elemental,1
452,Broom,20,,,,100%,Humanoid,1
2500,Deadly Dreaming,,,4 turns,4 turns,100%,Undead,1
119,Scratch,20,,,,100%,Critter,1
118,Water Jet,20,,,,100%,Aquatic,1
564,Dive,30,,1 turns,4 turns,100%,Aquatic,1
594,Sleeping Gas,10,,1 turns,1 turns,25%,Dragonkin,1
378,Strike,20,,,,100%,Beast,1
297,Pump,,,,,100%,Aquatic,1
777,Missile,21,,,,100%,Mechanical,1
597,Emerald Presence,,,5 turns,,100%,Dragonkin,1
506,Cocoon Strike,10,,1 turns,3 turns,100%,Flying,1
299,Arcane Explosion,22,,,,100%,Magic,1
407,Meteor Strike,30,,1 turns,4 turns,100%,Magic,1
764,Phase Shift,,,1 turns,4 turns,100%,Magic,1
979,Moon Tears,18,18,9 turns,4 turns,100%,Magic,1
481,Deep Freeze,25,,1 turns,4 turns,25%,Elemental,1
124,Rampage,75,,,3 turns,100%,Beast,1
644,Quake,84,,,2 turns,100%,Mechanical,1
449,Absorb,10,100,,,100%,Undead,1
283,Survival,,,1 turns,3 turns,100%,Critter,1
277,Life Exchange,,,,5 turns,100%,Magic,1
436,Stoneskin,,,5 turns,,100%,Magic,1
178,Immolate,12,,4 turns,,100%,Elemental,1
535,Pounce,25,,,,100%,Beast,1
278,Repair,,70,2 turns,5 turns,100%,Mechanical,1
112,Peck,20,,,,100%,Flying,1
518,Predatory Strike,30,,,4 turns,100%,Flying,1
632,Confusing Sting,,,5 turns,,100%,Flying,1
566,Powerball,15,,,,100%,Critter,1
450,Expunge,32,,,3 turns,100%,Magic,1
463,Flash,10,,2 turns,3 turns,100%,Magic,1
989,Blingtron Gift Package,30,30,,3 turns,50%,Magic,1
268,Photosynthesis,,,5 turns,,100%,Elemental,1
110,Bite,20,,,,100%,Beast,1
448,Creeping Ooze,14,,3 turns,,100%,Aquatic,1
160,Consume,12,100,,1 turns,100%,Undead,1
626,Skitter,20,,,,100%,Critter,1
486,Drain Power,10,,2 turns,4 turns,100%,Magic,1
998,Ethereal,,,,3 turns,100%,Magic,1
509,Surge,15,,,,100%,Aquatic,1
1238,Shadow Talon,21,,,,100%,Magic,1
503,Flamethrower,15,,2 turns,,100%,Elemental,1
355,Triple Snap,30,,,,33%,Beast,1
1287,Carpnado,33,,,5 turns,100%,Aquatic,1
282,Explode,40,,,,100%,Mechanical,1
301,Lock-On,,,1 turns,,100%,Mechanical,1
476,Rot,25,,5 turns,3 turns,100%,Undead,1
649,BONESTORM,49,,,3 turns,100%,Undead,1
663,Corpse Explosion,15,,4 turns,,100%,Undead,1
461,Light,40,,,3 turns,100%,Magic,1
920,Primal Cry,30,,4 turns,3 turns,100%,Beast,1
123,Healing Wave,,30,,3 turns,100%,Aquatic,1
1410,Gift of the Naaru,,40,,4 turns,100%,Humanoid,1
612,Proto-Strike,30,,1 turns,4 turns,100%,Dragonkin,1
1411,Grave Destruction,36,,,5 turns,100%,Undead,1
325,Beaver Dam,,,,5 turns,100%,Critter,1
706,Swarm,45,,2 turns,,100%,Critter,1
416,Frost Shock,10,,2 turns,,100%,Elemental,1
382,Brittle Webbing,10,,3 turns,,100%,Beast,1
769,Surge of Light,25,,1 turns,3 turns,25%,Humanoid,1
1371,Sneak Attack,17,,,,100%,Critter,1
440,Evanescence,,,1 turns,4 turns,100%,Magic,1
624,Ice Tomb,,,2 turns,5 turns,100%,Elemental,1
745,Leech Seed,10,10,1 turns,4 turns,100%,Elemental,1
156,Vicious Fang,15,,,,100%,Beast,1
960,Trihorn Shield,,,3 turns,5 turns,100%,Beast,1
1025,Armageddon,60,,,,100%,Mechanical,1
741,Whirlwind,27,,,3 turns,100%,Humanoid,1
2353,Contagion Strike,25,,,,100%,Humanoid,1
479,Ice Barrier,,,,5 turns,100%,Elemental,1
380,Poison Spit,14,,3 turns,,100%,Beast,1
429,Claw,21,,,,100%,Beast,1
921,Hunting Party,30,,1 turns,4 turns,100%,Beast,1
974,Spirit Claws,28,,,,80%,Beast,1
1016,Feed,20,100,,4 turns,100%,Beast,1
426,Focus,,,5 turns,,100%,Humanoid,1
713,Blitz,30,,,,50%,Humanoid,1
1223,Vicious Slice,20,,,,100%,Humanoid,1
607,Cataclysm,45,,,1 turns,50%,Dragonkin,1
212,Siphon Life,,,3 turns,,100%,Undead,1
173,Cauterize,,70,,3 turns,100%,Elemental,1
529,Belly Slide,40,,,,50%,Elemental,1
247,Hibernate,,,2 turns,5 turns,100%,Beast,1
250,Spiderling Swarm,40,,,3 turns,100%,Beast,1
339,Sticky Web,15,,2 turns,,100%,Beast,1
345,Maul,50,,,3 turns,100%,Beast,1
536,Prowl,,,2 turns,5 turns,100%,Beast,1
849,"Huge, Sharp Teeth!",12,,4 turns,,100%,Beast,1
423,Blood in the Water,40,,,3 turns,50%,Aquatic,1
1062,Rain Dance,,20,2 turns,4 turns,100%,Aquatic,1
916,Haywire,50,,,3 turns,100%,Mechanical,1
219,Jab,21,,,,100%,Humanoid,1
169,Deep Breath,50,,,,100%,Dragonkin,1
611,Ancient Blessing,,28,9 turns,3 turns,100%,Dragonkin,1
184,Quills,30,,,,50%,Flying,1
253,Comeback,25,,,,100%,Critter,1
409,Immolation,,,9 turns,,100%,Elemental,1
908,Jolt,25,,,1 turns,100%,Elemental,1
392,Extra Plating,,,3 turns,4 turns,100%,Mechanical,1
221,Takedown,36,,,,100%,Humanoid,1
1232,Anzu's Blessing,,,4 turns,,100%,Flying,1
214,Death and Decay,,,9 turns,,100%,Undead,1
1043,Drain Blood,10,300,,3 turns,100%,Undead,1
367,Chomp,22,,,,100%,Critter,1
474,Interrupting Gaze,15,,,3 turns,100%,Magic,1
906,Lightning Shield,,,2 turns,4 turns,100%,Elemental,1
377,Trample,20,,,,100%,Beast,1
568,Feign Death,,,,8 turns,100%,Beast,1
800,Impale,25,,,2 turns,100%,Beast,1
636,Sticky Grenade,,,3 turns,,100%,Mechanical,1
1466,Stone Form,,135,,6 turns,100%,Undead,1
447,Corrosion,10,,2 turns,,100%,Magic,1
525,Emerald Bite,21,,,,100%,Magic,1
602,Time Bomb,,,3 turns,5 turns,100%,Magic,1
763,Sear Magic,,,,2 turns,,Magic,1
347,Roar,10,,3 turns,,100%,Beast,1
356,Snap,20,,,,100%,Beast,1
532,Body Slam,43,,,1 turns,100%,Humanoid,1
740,Frenzyheart Brew,10,,3 turns,,100%,Humanoid,1
168,Healing Flame,,70,,3 turns,100%,Dragonkin,1
270,Glowing Toxin,,,4 turns,,100%,Flying,1
508,Moth Dust,25,,1 turns,3 turns,25%,Flying,1
743,Creeping Fungus,,,4 turns,,100%,Undead,1
2209,Burst,40,,,,100%,Critter,1
488,Amplify Magic,,,2 turns,3 turns,100%,Magic,1
753,Solar Beam,60,,,,100%,Elemental,1
962,Ironbark,15,,1 turns,,100%,Elemental,1
569,Crystal Prison,,,1 turns,5 turns,100%,Beast,1
424,Tail Slap,22,,,,100%,Aquatic,1
985,Make it Rain,27,,4 turns,1 turns,80%,Mechanical,1
158,Counterstrike,30,,,2 turns,100%,Humanoid,1
1626,Primal Rage,,,5 turns,,100%,Humanoid,1
501,Flame Breath,16,,4 turns,,100%,Dragonkin,1
521,Hawk Eye,,,3 turns,,100%,Flying,1
1545,Preen,,22,2 turns,3 turns,100%,Flying,1
1093,Dead Man's Party,45,,2 turns,,100%,Undead,1
165,Crouch,,,3 turns,4 turns,100%,Critter,1
442,Spectral Strike,40,,,3 turns,50%,Magic,1
460,Illuminate,45,,9 turns,5 turns,100%,Magic,1
475,Eyeblast,20,,4 turns,4 turns,100%,Magic,1
1068,Forboding Curse,,,4 turns,,100%,Magic,1
1085,Magic Sword,17,,,,100%,Magic,1
746,Spore Shrooms,,,2 turns,2 turns,100%,Elemental,1
1110,Avalanche,45,,,5 turns,100%,Elemental,1
364,Leap,15,,1 turns,,100%,Beast,1
802,Ravage,40,40,,1 turns,100%,Beast,1
1049,Blinding Poison,,,1 turns,4 turns,100%,Beast,1
1380,Shell Armor,,,2 turns,5 turns,100%,Beast,1
647,Bombing Run,10,,3 turns,3 turns,100%,Mechanical,1
938,Interrupting Jolt,20,,,4 turns,100%,Mechanical,1
2469,Reaping Hook,50,,,4 turns,100%,Mechanical,1
668,Dreadful Breath,57,,,,100%,Humanoid,1
1556,Jar of Smelly Liquid,15,,1 turns,2 turns,100%,Humanoid,1
522,Nevermore,,,2 turns,10 turns,100%,Flying,1
1370,Savage Talon,22,,,,100%,Flying,1
666,Rabid Strike,13,,3 turns,,100%,Undead,1
232,Swarm of Flies,,,5 turns,,100%,Critter,1
252,Uncanny Luck,,,4 turns,,200%,Critter,1
572,Mudslide,36,,9 turns,4 turns,100%,Critter,1
483,Psychic Blast,30,,,1 turns,100%,Magic,1
414,Frost Nova,20,,2 turns,3 turns,100%,Elemental,1
477,Snowball,20,,,,100%,Elemental,1
492,Rake,15,,,2 turns,100%,Beast,1
2059,Dust Cloud,,,1 turns,4 turns,100%,Beast,1
419,Tidal Wave,21,,,,100%,Aquatic,1
1372,Deep Bite,10,,,,100%,Aquatic,1
390,Demolish,40,,,,50%,Mechanical,1
2239,Smoke Cloud,,,1 turns,4 turns,100%,Mechanical,1
1337,Itchin' for a Stitchin',,,,,,Humanoid,1
1533,Eye Beam,75,,,3 turns,100%,Humanoid,1
497,Soothe,,,1 turns,4 turns,100%,Critter,1
576,Perk Up,,28,9 turns,3 turns,100%,Critter,1
437,Onyx Bite,22,,,,100%,Magic,1
608,Nether Blast,15,,,,100%,Magic,1
330,Sons of the Flame,,,2 turns,8 turns,100%,Elemental,1
413,Ice Lance,25,,,,100%,Elemental,1
792,Darkflame,25,,2 turns,3 turns,100%,Elemental,1
412,Gnaw,25,,,,100%,Beast,1
1063,Pheromones,,,3 turns,5 turns,100%,Beast,1
1369,Barbed Stinger,19,,1 turns,,20%,Beast,1
1559,Paralyzing Venom,15,,,3 turns,100%,Beast,1
116,Zap,20,,,,100%,Mechanical,1
640,Toxic Smoke,16,,2 turns,,100%,Mechanical,1
2340,Coin Toss,22,,,,100%,Mechanical,1
227,Blackout Kick,,,1 turns,5 turns,100%,Humanoid,1
1099,Punish,21,,,,100%,Humanoid,1
315,Spiked Skin,,,5 turns,,100%,Dragonkin,1
507,Moth Balls,40,,3 turns,1 turns,50%,Flying,1
383,Leech Life,10,20,,1 turns,100%,Undead,1
468,Agony,,,2 turns,,100%,Undead,1
780,Death Grip,10,,,4 turns,100%,Undead,1
167,Nut Barrage,27,,4 turns,1 turns,80%,Critter,1
578,Buried Treasure,,,,3 turns,100%,Critter,1
1007,Locust Swarm,45,,1 turns,2 turns,100%,Critter,1
1347,Cute As A Button,,,2 turns,3 turns,100%,Critter,1
752,Soulrush,30,,1 turns,4 turns,25%,Magic,1
914,Spirit Spikes,,,1 turns,4 turns,100%,Magic,1
1103,Righteous Inspiration,,,1 turns,8 turns,100%,Magic,1
1231,Consume Magic,,20,,4 turns,100%,Magic,1
1392,Enrage,,,1 turns,,100%,Beast,1
937,Siphon Anima,18,100,,3 turns,100%,Mechanical,1
609,Instability,45,,,1 turns,50%,Dragonkin,1
782,Frost Breath,20,,,,100%,Dragonkin,1
851,Vicious Streak,10,,2 turns,,100%,Critter,1
197,Adrenal Glands,,,5 turns,,100%,Magic,1
473,Focused Beams,15,,,,100%,Magic,1
1125,Portal,,,,8 turns,100%,Magic,1
1912,Void Portal,20,,,4 turns,100%,Magic,1
359,Sting,,,6 turns,,100%,Beast,1
1116,Call the Pack,21,,1 turns,3 turns,100%,Beast,1
1572,Squeeze,30,,2 turns,4 turns,100%,Aquatic,1
943,Chop,10,,5 turns,,100%,Mechanical,1
1076,Greench's Gift,40,,,5 turns,100%,Mechanical,1
669,Backflip,15,,,3 turns,100%,Humanoid,1
770,Restoration,,,,3 turns,100%,Humanoid,1
606,Elementium Bolt,,,2 turns,5 turns,100%,Dragonkin,1
1398,Feathered Frenzy,25,,1 turns,3 turns,100%,Flying,1
2458,Whirling Talons,,,4 turns,5 turns,100%,Flying,1
996,Lullaby,,,2 turns,5 turns,100%,Critter,1
869,Darkmoon Curse,10,,2 turns,4 turns,100%,Magic,1
980,Moon Dance,,,9 turns,,100%,Magic,1
1555,Worst Fear,40,,,3 turns,50%,Magic,1
2403,Unleash Life,20,100,,4 turns,100%,Elemental,1
357,Screech,10,,4 turns,,100%,Beast,1
2310,Devour X,50,200,,3 turns,100%,Beast,1
1002,Inflation,45,,2 turns,,100%,Mechanical,1
762,Haymaker,50,,1 turns,3 turns,50%,Humanoid,1
2349,Toxic Fumes,27,,9 turns,3 turns,100%,Dragonkin,1
2484,Fight and Flight,12,,3 turns,5 turns,100%,Flying,1
120,Howling Blast,40,,,3 turns,100%,Elemental,1
528,Frost Spit,20,,,,100%,Elemental,1
574,Nature's Ward,,,5 turns,,100%,Elemental,1
811,Magma Trap,,,9 turns,5 turns,100%,Elemental,1
348,Bash,,,1 turns,5 turns,100%,Beast,1
411,Woodchipper,12,,4 turns,,100%,Beast,1
276,Swallow You Whole,20,,,,100%,Aquatic,1
2322,Gnash,18,,2 turns,,100%,Aquatic,1
293,Launch Rocket,,,,,100%,Mechanical,1
389,Overtune,10,,2 turns,,100%,Mechanical,1
766,Holy Justice,,,1 turns,5 turns,100%,Humanoid,1
393,Shadowflame,22,,,,100%,Dragonkin,1
188,Accuracy,,,5 turns,,100%,Flying,1
2253,Shadowmeld,,,2 turns,5 turns,100%,Flying,1
648,Bone Bite,20,,,,100%,Undead,1
654,Ghostly Bite,40,,1 turns,3 turns,100%,Undead,1
1762,BONESTORM!!,89,,,3 turns,100%,Undead,1
757,Lucky Dance,,,4 turns,,100%,Critter,1
457,Sweep,20,,,5 turns,100%,Magic,1
484,Feedback,20,,,,100%,Magic,1
352,Banana Barrage,30,,2 turns,1 turns,50%,Beast,1
929,Slither,25,,2 turns,3 turns,100%,Beast,1
1095,Horn Gore,21,,,,100%,Beast,1
1359,Blazing Yip,15,,1 turns,,100%,Beast,1
1560,Lumbering Charge,50,,1 turns,4 turns,100%,Beast,1
2214,Tail Smash,10,,,4 turns,100%,Beast,1
756,Acid Touch,12,,4 turns,,100%,Aquatic,1
1087,Toxic Skin,,,5 turns,,200%,Aquatic,1
279,Heartbroken,,,1 turns,2 turns,100%,Mechanical,1
923,Flux,33,,,3 turns,100%,Mechanical,1
940,Touch of the Animus,20,,2 turns,4 turns,100%,Mechanical,1
111,Punch,20,,,,100%,Humanoid,1
1078,Bandage,,70,,3 turns,100%,Humanoid,1
1627,Barrier Projector,,,2 turns,4 turns,100%,Humanoid,1
186,Reckless Strike,25,,1 turns,1 turns,100%,Flying,1
524,Squawk,10,,3 turns,,100%,Flying,1
1397,Haunting Song,,48,,4 turns,100%,Undead,1
642,Egg Barrage,34,,3 turns,1 turns,50%,Critter,1
2495,Feral Clawstorm,10,,5 turns,,100%,Critter,1
466,Nether Gate,20,,,5 turns,100%,Magic,1
1066,Spiritfire Bolt,22,,,,100%,Magic,1
1084,Fade,,,,8 turns,100%,Magic,1
1100,Blessed Hammer,21,,,,100%,Magic,1
1765,Phase Punch,10,,,4 turns,100%,Magic,1
2407,Glop,40,,1 turns,5 turns,100%,Magic,1
298,Inspiring Song,,36,,3 turns,100%,Elemental,1
621,Stone Rush,50,,,1 turns,100%,Elemental,1
630,Poisoned Branch,12,,4 turns,,100%,Elemental,1
2097,Azerite Spike,40,,,4 turns,100%,Elemental,1
1787,Feral Strike,37,,,,100%,Beast,1
1944,Retrieve,10,,,4 turns,100%,Beast,1
2065,Nap Time,,,2 turns,5 turns,100%,Beast,1
2070,Aura of Gonk,,,4 turns,8 turns,100%,Beast,1
1051,Acid Rain,27,,9 turns,3 turns,100%,Aquatic,1
1989,Shell Rush,36,,,5 turns,100%,Aquatic,1
2480,Spa Day,,,2 turns,5 turns,100%,Aquatic,1
983,SMCKTHAT.EXE,25,,,,100%,Mechanical,1
774,Rapid Fire,21,,,,100%,Humanoid,1
941,High Fiber,,,,4 turns,,Humanoid,1
1094,Macabre Maraca,20,,,,100%,Humanoid,1
1106,Falling Murloc,40,,1 turns,4 turns,100%,Humanoid,1
2449,Unrelenting Flames,30,,3 turns,4 turns,25%,Dragonkin,1
499,Diseased Bite,21,,,,100%,Undead,1
650,Bone Prison,17,,2 turns,,100%,Undead,1
655,Creepy Chomp,20,,,,100%,Undead,1
1465,Gargoyle Strike,20,,,,100%,Undead,1
162,Adrenaline Rush,10,,3 turns,,100%,Critter,1
527,Stench,,,4 turns,,100%,Critter,1
541,Chew,,,1 turns,1 turns,100%,Critter,1
563,Quick Attack,15,,,,100%,Critter,1
2452,Trenchant Claws,15,,,,100%,Critter,1
586,Gift of Winter Veil,40,,,5 turns,100%,Magic,1
791,Stimpack,,,5 turns,,100%,Magic,1
978,Moon Fang,22,,,,100%,Magic,1
1121,Greed Before Need,13,,3 turns,,100%,Magic,1
1756,Wing Buffet,20,,,5 turns,100%,Magic,1
394,Lash,30,,,,50%,Elemental,1
2478,Frostbite Webbing,10,,3 turns,,100%,Elemental,1
155,Hiss,20,,4 turns,3 turns,100%,Beast,1
1070,Skunky Brew,20,,5 turns,3 turns,100%,Beast,1
1681,Puppy Parade,45,,2 turns,,100%,Beast,1
2346,Swipe,22,,,,100%,Beast,1
2470,Ursoc's Claws,22,,,,100%,Beast,1
1919,Firebomb,20,,9 turns,,100%,Mechanical,1
225,Staggered Steps,,,2 turns,3 turns,100%,Humanoid,1
226,"Fury of 1,000 Fists",30,,1 turns,4 turns,100%,Humanoid,1
775,Perfumed Arrow,20,,1 turns,2 turns,25%,Humanoid,1
1047,Frolick,,,2 turns,4 turns,100%,Humanoid,1
1101,Shieldstorm,,,8 turns,6 turns,100%,Humanoid,1
1273,Cleave,20,,,,100%,Undead,1
1958,Empowering Strikes,15,,,,100%,Undead,1
573,Nature's Touch,,30,,3 turns,100%,Critter,1
977,Uncertainty,,,1 turns,3 turns,100%,Magic,1
1032,Celestial Blessing,,,5 turns,,100%,Magic,1
1233,Dark Talon,18,,,,200%,Magic,1
1334,Plushie Rush,,,,,100%,Magic,1
2489,Table of Discontents,,,9 turns,6 turns,100%,Magic,1
2502,[DNT] INSTADEAD,,,,,,Magic,1
912,Quicksand,30,,2 turns,4 turns,100%,Elemental,1
1056,Seethe,22,,,,100%,Elemental,1
1072,Explosive Brew,,,3 turns,,100%,Elemental,1
1407,Deep Burn,13,,,,100%,Elemental,1
1754,Fire Shield,,,3 turns,5 turns,100%,Elemental,1
1890,Twilight Fire,15,,2 turns,1 turns,100%,Elemental,1
958,Trihorn Charge,20,,,1 turns,85%,Beast,1
1443,Call the Pack,21,,1 turns,3 turns,100%,Beast,1
942,Frying Pan,20,,1 turns,1 turns,25%,Mechanical,1
772,Lovestruck,,,1 turns,5 turns,100%,Humanoid,1
773,Shot Through The Heart,50,,,3 turns,100%,Humanoid,1
1015,Blinding Powder,,,1 turns,3 turns,100%,Humanoid,1
2513,Ravenholdt Rush,16,,,,100%,Humanoid,1
1381,Death Bleat,150,,,8 turns,100%,Undead,1
493,Hoof,21,,,,100%,Critter,1
1344,Refuge,,,6 turns,6 turns,100%,Critter,1
308,Counterspell,10,,,2 turns,100%,Magic,1
432,Jade Claw,21,,,,100%,Magic,1
465,Illusionary Barrier,,,,5 turns,100%,Magic,1
482,Laser,18,,,,200%,Magic,1
1597,Arcane Annihilator,20,,1 turns,,100%,Magic,1
2012,Return to Sender,20,,,5 turns,100%,Magic,1
2381,Dark Bolt,30,,,1 turns,70%,Magic,1
396,Soothing Mists,,,5 turns,,100%,Elemental,1
794,Dark Rebirth,,,,5 turns,100%,Elemental,1
1354,Puppies of the Flame,,,2 turns,8 turns,100%,Elemental,1
349,Smash,22,,,,100%,Beast,1
567,Rush,15,,1 turns,,100%,Beast,1
1737,Fish Slap,20,,,,100%,Aquatic,1
2324,Spiked Shell,,,2 turns,3 turns,100%,Aquatic,1
2375,Needle Claw,14,,3 turns,,100%,Aquatic,1
387,Tympanic Tantrum,84,,,4 turns,100%,Mechanical,1
533,Rebuild,,48,,3 turns,100%,Mechanical,1
634,Minefield,,,9 turns,5 turns,100%,Mechanical,1
667,Aged Yolk,,,,2 turns,,Humanoid,0
1052,Tornado Punch,30,,1 turns,4 turns,25%,Humanoid,0
1105,Reflective Shield,,,2 turns,3 turns,100%,Humanoid,0
1336,Who's The Best Elekk In The Whole World?,,,,,100%,Humanoid,0
2475,Ott Breath,20,,,,100%,Dragonkin,0
1773,Falcosaur Swarm!,30,,2 turns,,100%,Flying,0
2291,Sludge Belch,15,,2 turns,1 turns,100%,Undead,0
579,Gobble Strike,10,,4 turns,,100%,Critter,0
580,Food Coma,,,2 turns,5 turns,100%,Critter,0
2010,Snail Mail,50,,,4 turns,100%,Critter,0
431,Jadeskin,,,5 turns,,100%,Magic,0
478,Magic Hat,20,,,,100%,Magic,0
913,Spectral Spine,25,,1 turns,3 turns,50%,Magic,0
1412,When Elekks Fly,40,,,,50%,Magic,0
1962,Tentacle Stab,,,3 turns,,100%,Magic,0
2361,Void Slap,27,,,3 turns,100%,Magic,0
400,Entangling Roots,,,1 turns,3 turns,100%,Elemental,0
405,Early Advantage,40,,,3 turns,100%,Elemental,0
617,Spark,30,,,,50%,Elemental,0
909,Paralyzing Shock,30,,3 turns,5 turns,100%,Elemental,0
1955,Flash Freeze,30,,5 turns,3 turns,100%,Elemental,0
2425,Swamp Mud,24,,9 turns,1 turns,100%,Elemental,0
2525,Alluring Spores,13,,2 turns,,100%,Elemental,0
314,Mangle,,,10 turns,,100%,Beast,0
441,Rend,30,,,,50%,Beast,0
2303,Wild Stallions,25,,,3 turns,100%,Beast,0
2370,Sloth Strike,50,,3 turns,,100%,Beast,0
2431,Feast,40,,,3 turns,50%,Beast,0
1570,Tentacle Slap,21,,,,100%,Aquatic,0
2067,Pinch,15,,,,100%,Aquatic,0
2104,Megalodon,60,,,4 turns,100%,Aquatic,0
2297,Healing Wrap,,25,,2 turns,100%,Aquatic,0
2453,Ambystan Snap,25,,1 turns,4 turns,100%,Aquatic,0
386,XE-321 Boombot,,,3 turns,3 turns,100%,Mechanical,0
670,Snap Trap,,,9 turns,5 turns,100%,Mechanical,0
1937,Fel Exhaust,12,,4 turns,,100%,Mechanical,0
768,Omnislash,21,,,,100%,Humanoid,0
776,Love Potion,,,,3 turns,100%,Humanoid,0
2432,Dark Fate,,,,3 turns,100%,Humanoid,0
1905,Bend Time,,,2 turns,6 turns,,Dragonkin,0
1772,Warning Squawk,,,3 turns,5 turns,100%,Flying,0
1761,BONESTORM!,69,,,3 turns,100%,Undead,0
2084,Mummy Wrap,10,,1 turns,3 turns,100%,Undead,0
1360,Slow and Steady,50,,,4 turns,100%,Critter,0
1020,Lens Flare,10,,2 turns,3 turns,100%,Magic,0
2442,Slow Unmaking,,,4 turns,,100%,Magic,0
371,Sticky Goo,10,,5 turns,,100%,Elemental,0
628,Rock Barrage,32,,3 turns,2 turns,50%,Elemental,0
1041,Flame Jet,30,,3 turns,4 turns,50%,Elemental,0
1055,Breath of Sorrow,25,,2 turns,3 turns,100%,Elemental,0
1517,Fel Corruption,60,,10 turns,3 turns,100%,Elemental,0
1594,Incineration Security Measures,35,,,,100%,Elemental,0
1687,Inferno Herding,10,,,2 turns,100%,Elemental,0
1738,Chaos Nova,33,,,3 turns,100%,Elemental,0
2250,Akunda's Wrath,99,,3 turns,5 turns,100%,Elemental,0
2255,Corrupted Ground,,,9 turns,,100%,Elemental,0
354,Barrel Toss,,,,,100%,Beast,0
930,Huge Fang,20,,,1 turns,100%,Beast,0
1400,Udder Destruction,30,,1 turns,4 turns,25%,Beast,0
1402,Mother's Milk,,48,,4 turns,100%,Beast,0
2519,Bubble Blast,20,,,1 turns,100%,Aquatic,0
789,U-238 Rounds,30,,,,50%,Mechanical,0
1670,Lightning Conductor,20,,1 turns,,100%,Mechanical,0
2237,Razor Talons,,,3 turns,,100%,Mechanical,0
2366,MAYHEM,84,,,2 turns,50%,Mechanical,0
2462,Arm Cannon Blast,15,,,,100%,Mechanical,0
778,Charge,15,,,,100%,Humanoid,0
835,Eggnog,,,,2 turns,,Humanoid,0
1026,Amber Prison,,,1 turns,5 turns,100%,Humanoid,0
1722,Queue Dodge,,,1 turns,4 turns,100%,Humanoid,0
1880,Plague Breath,22,,,,100%,Dragonkin,0
2064,Tea Party,21,,,,100%,Undead,0
2071,Roar of the Dead,,,2 turns,3 turns,100%,Undead,0
616,Blinkstrike,15,,,,100%,Magic,0
838,Centrifugal Hooks,10,,2 turns,,100%,Magic,0
1353,Arcane Slash,43,,,,100%,Magic,0
1531,Psionic Shockwave,22,,,,100%,Magic,0
1536,Arcane Dash,40,,1 turns,5 turns,25%,Magic,0
1731,Nightmare,25,,2 turns,3 turns,100%,Magic,0
2102,Void Cyclone,,,5 turns,5 turns,100%,Magic,0
2356,Void Nova,33,,,3 turns,100%,Magic,0
2468,[DNT] TRAP HELP,,,1 turns,,100%,Magic,0
263,Crystal Overload,,,2 turns,1 turns,100%,Elemental,0
398,Poison Lash,10,,5 turns,,100%,Elemental,0
575,Slippery Ice,10,,4 turns,,100%,Elemental,0
812,Sulfuras Smash,22,,,,100%,Elemental,0
964,Autumn Breeze,,36,2 turns,4 turns,100%,Elemental,0
1343,Fist of the Forest,40,,,5 turns,100%,Elemental,0
1965,Frenzy,15,,3 turns,1 turns,100%,Elemental,0
905,Cute Face,,,4 turns,,100%,Beast,0
1019,Niuzao's Charge,50,,,4 turns,100%,Beast,0
1401,Where's the Beef?,,,1 turns,4 turns,100%,Beast,0
2068,Face Bite,15,,1 turns,,100%,Beast,0
2421,Glade Prowl,,,2 turns,2 turns,100%,Beast,0
2446,Faceroll,,,1 turns,5 turns,100%,Beast,0
1060,Steam Vent,22,,,,100%,Aquatic,0
2412,Healing Crash,,,,3 turns,100%,Aquatic,0
1968,Antaen Cannon,100,,,5 turns,100%,Mechanical,0
2321,Call Lightning X,35,,5 turns,5 turns,100%,Mechanical,0
751,Soul Ward,,,,3 turns,100%,Humanoid,0
1004,Gilded Fist,21,,,,100%,Humanoid,0
1438,Mighty Charge,32,,,4 turns,100%,Humanoid,0
1535,Murkmorphosis,,,5 turns,5 turns,100%,Humanoid,0
1682,Holy Strike,21,,,,100%,Humanoid,0
1736,For Adventure!,,36,,3 turns,100%,Humanoid,0
1741,For The Horde!,20,,3 turns,1 turns,100%,Humanoid,0
2011,Hate Mail,15,,3 turns,1 turns,100%,Humanoid,0
1963,Wind Buffet,10,,,4 turns,100%,Flying,0
1091,Bone Barrage,27,,4 turns,1 turns,80%,Undead,0
2300,Necrotic Bomb,10,,3 turns,3 turns,100%,Undead,0
2405,Return to Rest,,,,7 turns,100%,Undead,0
193,Flank,30,,,,50%,Critter,0
1338,Cute As A Button,,,,,100%,Critter,0
1895,Sniff Out,25,,,3 turns,100%,Critter,0
2308,Slime Trail,18,,1 turns,,100%,Critter,0
2455,Deliberate Retreat,,50,,6 turns,100%,Critter,0
259,Invisibility,,,2 turns,4 turns,100%,Magic,0
614,Competitive Spirit,10,,3 turns,,100%,Magic,0
1031,Jadefire Lightning,27,,,2 turns,100%,Magic,0
1040,Nimbus,,,9 turns,,100%,Magic,0
1532,Psionic Storm,40,,9 turns,5 turns,100%,Magic,0
2433,Arcane Barrage,30,,,,50%,Magic,0
2511,Hubris,25,,1 turns,1 turns,100%,Magic,0
1005,Goldskin,15,,1 turns,,100%,Elemental,0
1010,Inebriate,,,4 turns,,100%,Elemental,0
1045,Barkskin,,,5 turns,,100%,Elemental,0
1862,Flame Shot,,,,,100%,Elemental,0
1964,Obsidian Bite,22,,,,100%,Elemental,0
2258,Corrupted Touch,14,,3 turns,,100%,Elemental,0
2396,Ashes of Outland,25,,1 turns,5 turns,100%,Elemental,0
2410,Sunshell,15,,9 turns,3 turns,100%,Elemental,0
375,Trumpet Strike,10,,3 turns,,100%,Beast,0
1065,Digest Brains,,30,,3 turns,100%,Beast,0
1109,The Good Stuff,,48,,4 turns,100%,Beast,0
1945,Lick,15,,4 turns,,100%,Beast,0
2444,Wombo Combo,15,,1 turns,,100%,Beast,0
932,Croak,20,,4 turns,4 turns,100%,Aquatic,0
1008,Brew Bolt,22,,,,100%,Aquatic,0
1578,Hot Soup,15,,,,100%,Aquatic,0
1865,Frost Shot,,,,,100%,Aquatic,0
2460,Shell Fortress,,,1 turns,6 turns,100%,Aquatic,0
1024,Reboot,,70,2 turns,5 turns,100%,Mechanical,0
2090,Full Team Repair,,,,2 turns,100%,Mechanical,0
2328,Alert!!,25,,,,100%,Mechanical,0
350,Clobber,,,1 turns,5 turns,100%,Humanoid,0
760,Shield Block,,,,3 turns,100%,Humanoid,0
788,Gauss Rifle,22,,,,100%,Humanoid,0
975,Logic,25,,,1 turns,100%,Humanoid,0
1012,Giant's Blood,,22,3 turns,3 turns,100%,Humanoid,0
1079,Club,20,,,,100%,Humanoid,0
1345,Nap Time,,,1 turns,,100%,Humanoid,0
1719,Ban Hammer,21,,,,100%,Humanoid,0
1840,Blitz,30,,,,50%,Humanoid,0
2401,Face Punch,10,,,1 turns,100%,Humanoid,0
2498,Face Punch X,10,,,,100%,Humanoid,0
2283,Dragon's Call,25,,,3 turns,100%,Dragonkin,0
936,Caw,,,3 turns,,100%,Flying,0
1959,Great Cleave,23,,,2 turns,100%,Undead,0
2082,Gale Slash,18,,2 turns,,100%,Undead,0
2414,Hateful Strike,120,,,2 turns,100%,Undead,0
456,Clean-Up,25,,,3 turns,100%,Magic,0
471,Weakness,10,,1 turns,1 turns,100%,Magic,0
957,Evolution,30,,3 turns,5 turns,100%,Magic,0
1867,Arcane Shot,,,,,100%,Magic,0
1967,Void Gate,20,,,2 turns,100%,Magic,0
2318,Illusionary Barrier X,,,,3 turns,100%,Magic,0
2380,Stay a While and Listen,,,2 turns,5 turns,100%,Magic,0
2435,Mana Flare,,,1 turns,3 turns,100%,Magic,0
2514,[DNT] TEST,,,,,,Magic,0
2523,Shadow Bolt Volley,45,,,3 turns,100%,Magic,0
828,Sons of the Root,,,2 turns,8 turns,100%,Elemental,0
1013,Call of Winter,30,,9 turns,3 turns,100%,Elemental,0
1027,Fire Quills,30,,,,50%,Elemental,0
1356,Inferno Herding,10,,,4 turns,100%,Elemental,0
1598,Unstable Shield,,,2 turns,4 turns,100%,Elemental,0
1717,Discharge,40,,2 turns,5 turns,100%,Elemental,0
2027,Evasive Stalk,20,,,,100%,Elemental,0
2398,Weald Wall,,,,5 turns,100%,Elemental,0
2515,Windfury,18,,,,100%,Elemental,0
2113,Toxic Bite,10,,5 turns,,100%,Beast,0
2325,Tail Smash X,20,,,3 turns,100%,Beast,0
922,Healing Stream,,48,,3 turns,100%,Aquatic,0
2473,Otter Breath,10,,,,100%,Aquatic,0
645,Launch,30,,1 turns,4 turns,100%,Mechanical,0
1625,Tesla Cannon,22,,,,100%,Mechanical,0
1733,Extra Plating,,,3 turns,4 turns,100%,Mechanical,0
1860,Cannon Shot,,,,,100%,Mechanical,0
1936,Warp,,,,8 turns,100%,Mechanical,0
1938,Chaos Beam,18,,,,200%,Mechanical,0
2229,Sonic Detonator,30,,,3 turns,100%,Mechanical,0
2247,Jackhammer,48,,,,100%,Mechanical,0
765,Holy Sword,21,,,,100%,Humanoid,0
1679,Smoke Bomb,,,,5 turns,100%,Humanoid,0
1720,Overpowered,,,1 turns,3 turns,100%,Humanoid,0
2023,Junk Mail,45,,2 turns,,100%,Humanoid,0
784,Shriek,10,,3 turns,,100%,Dragonkin,0
809,Roll,10,,3 turns,,100%,Dragonkin,0
2509,Life Sap,10,100,,,100%,Dragonkin,0
2099,Sting,35,,,10 turns,100%,Flying,0
2288,Cluck,20,,4 turns,2 turns,100%,Flying,0
2457,Blood Harvest,30,300,,2 turns,100%,Flying,0
2298,Raise Ally,,,4 turns,2 turns,100%,Undead,0
2347,Raise Dead,,,,8 turns,,Undead,0
1367,Greater Apocalypse,,,20 turns,20 turns,200%,Critter,0
1796,Family Reunion,45,,2 turns,,100%,Critter,0
2430,Scrabble,43,,,,100%,Critter,0
114,Beam,20,,,,100%,Magic,0
216,Inner Vision,,,1 turns,1 turns,100%,Magic,0
323,Gravity,,,2 turns,1 turns,100%,Magic,0
836,Baneling Burst,40,,,,100%,Magic,0
2292,Torment,60,200,,5 turns,100%,Magic,0
2382,Deep Research,,,,5 turns,100%,Magic,0
2387,Mind Games,,,3 turns,4 turns,100%,Magic,0
801,Stone Shot,20,,,,100%,Elemental,0
910,Sand Bolt,18,,1 turns,,100%,Elemental,0
1786,Thunderclap,36,,,4 turns,100%,Elemental,0
2025,Wild Throw,20,,,,100%,Elemental,0
2029,The Final Pop,20,,,,100%,Elemental,0
2377,Holy Blast,10,,,,100%,Elemental,0
917,Bloodfang,25,25,,3 turns,100%,Beast,0
1301,Pig Out,14,100,,1 turns,100%,Beast,0
2406,Mud Rake,27,,9 turns,3 turns,100%,Beast,0
2471,Rend Flesh,40,,,4 turns,100%,Beast,0
1073,Spiny Carapace,,,5 turns,2 turns,100%,Aquatic,0
2232,Toxic Spray,10,,5 turns,,100%,Aquatic,0
2309,Tidal Wave X,42,,,2 turns,100%,Aquatic,0
2313,Pinch X,15,,,,100%,Aquatic,0
2331,Blood in the Water X,70,,,3 turns,25%,Aquatic,0
2451,First Croak,6,,2 turns,3 turns,100%,Aquatic,0
2087,Quaking Drill,96,,,3 turns,100%,Mechanical,0
2089,The Big One,180,,,2 turns,100%,Mechanical,0
2228,Sonic Blast,20,,,,100%,Mechanical,0
2236,Unstable Engineering,,,4 turns,,100%,Mechanical,0
2413,Rapid Turret,,,4 turns,,100%,Mechanical,0
1077,Spin Kick,20,,,4 turns,100%,Humanoid,0
2315,Bubble X,,,,5 turns,100%,Humanoid,0
2348,Mass Resurrection,,,,8 turns,,Humanoid,0
1082,Jade Breath,20,,,,100%,Dragonkin,0
1960,Twilight Meteorite,45,,,5 turns,100%,Dragonkin,0
2352,Sludge Claw,20,,,3 turns,100%,Dragonkin,0
2333,Lift-Off X,30,,1 turns,3 turns,100%,Flying,0
121,Death Coil,14,50,,,100%,Undead,0
1483,Skull Toss,22,,,,100%,Undead,0
1797,Dumpster Dive,30,,1 turns,4 turns,100%,Critter,0
2101,Swarm of Bees,,,5 turns,,100%,Critter,0
2419,Gorm Chitin,,,5 turns,3 turns,100%,Critter,0
2491,Nut-trition,,,1 turns,5 turns,,Critter,0
198,Zergling Rush,45,,2 turns,,100%,Magic,0
433,Jade Barrier,,,,5 turns,100%,Magic,0
1758,Ironskin,,,2 turns,4 turns,100%,Magic,0
1760,Creeping Insanity,,,3 turns,5 turns,100%,Magic,0
1810,Temporal Anomaly,,,9 turns,3 turns,200%,Magic,0
2062,Sewage Eruption,,,2 turns,3 turns,100%,Magic,0
2417,Slime Time,110,,,3 turns,100%,Magic,0
303,Plant,,,,,,Elemental,0
318,Thorns,,,5 turns,,100%,Elemental,0
631,Super Sticky Goo,15,,2 turns,,100%,Elemental,0
860,Flamethrower,15,,2 turns,,100%,Elemental,0
2477,Shiverweb Swarm,40,,,3 turns,100%,Elemental,0
2479,Venomsleet Spit,14,,3 turns,,100%,Elemental,0
571,Horn Attack,20,,,1 turns,50%,Beast,0
997,Vengeance,,,,2 turns,100%,Beast,0
1108,Bark,15,,1 turns,,100%,Beast,0
2456,Terrifying Toxicity,15,,5 turns,5 turns,100%,Beast,0
2411,Deep Snap,10,,,1 turns,100%,Aquatic,0
754,Screeching Gears,20,,1 turns,1 turns,25%,Mechanical,0
1917,Hammer,30,,,,100%,Mechanical,0
2086,Flame Cannon,80,,,3 turns,100%,Mechanical,0
2242,Shredder Blade,21,,,,100%,Mechanical,0
2330,Siphon Gear,17,,3 turns,,100%,Mechanical,0
2341,Money Meteor,45,,,5 turns,100%,Mechanical,0
2342,Overcharge,10,,2 turns,,100%,Mechanical,0
2466,Stoke the Flames,,30,7 turns,3 turns,100%,Mechanical,0
223,Focus Chi,,,1 turns,1 turns,100%,Humanoid,0
767,Holy Charge,50,,,3 turns,100%,Humanoid,0
2013,Package Drop,18,,,,200%,Humanoid,0
1991,Ancient Knowledge,,35,5 turns,5 turns,100%,Dragonkin,0
2212,Stunning Peck,,,5 turns,15 turns,100%,Flying,0
2399,Wind Burst,21,,,,100%,Flying,0
1036,Frill Blast,40,,,5 turns,100%,Magic,0
1123,Disruption,,,,4 turns,,Magic,0
1933,Rewind Time,,70,,3 turns,100%,Magic,0
1557,Buuurp!,30,,2 turns,4 turns,100%,Elemental,0
1764,Cosmic Smash,27,,,2 turns,100%,Elemental,0
2098,Azerite Bolt,25,,,1 turns,100%,Elemental,0
2230,Sonic Blast,25,,,,100%,Elemental,0
2474,Ottest Breath,16,,4 turns,3 turns,100%,Elemental,0
2512,Ice Age,40,,1 turns,5 turns,25%,Elemental,0
1954,Poison Protocol,15,,2 turns,5 turns,100%,Beast,0
2205,Howl,,,2 turns,3 turns,100%,Beast,0
2493,Zoomies,25,,2 turns,3 turns,85%,Beast,0
2248,Coolant Flush,35,,2 turns,2 turns,100%,Aquatic,0
2251,Krag'wa's Wrath,25,,,4 turns,100%,Aquatic,0
1920,Clamp,25,,3 turns,4 turns,100%,Mechanical,0
1921,Drill Charge,25,,,2 turns,100%,Mechanical,0
2364,Chain Lightning,33,,,3 turns,100%,Mechanical,0
2365,Mega Discharge,60,,1 turns,5 turns,100%,Mechanical,0
2368,Double Zap,24,,1 turns,,100%,Mechanical,0
771,Bow Shot,20,,,,100%,Humanoid,0
1740,For The Alliance!,20,,3 turns,1 turns,100%,Humanoid,0
2424,Exposing Claw,20,,,,100%,Dragonkin,0
2465,Furious Surge,15,,,,100%,Dragonkin,0
2334,Flock X,30,,2 turns,,100%,Flying,0
1763,Slime,25,,,1 turns,100%,Undead,0
1957,Reanimate,,75,,8 turns,100%,Undead,0
2404,Nibble,10,,,2 turns,100%,Critter,0
194,Metabolic Boost,15,,1 turns,,100%,Magic,0
1021,Phaser,21,,,,100%,Magic,0
1035,Spiritfire Beam,33,,,3 turns,100%,Magic,0
1335,Rawr!,,,,,100%,Magic,0
2293,Tremble in Fear,39,,6 turns,3 turns,100%,Magic,0
2326,Corrosion X,100,,2 turns,8 turns,100%,Magic,0
2358,Void Crash,,,2 turns,5 turns,100%,Magic,0
2505,Hatred Manifest,,,4 turns,5 turns,100%,Magic,0
2518,Arcane Riposte,25,,,,100%,Magic,0
625,Ice Spike,40,,,,50%,Elemental,0
1573,I Am Broot!,,22,3 turns,3 turns,100%,Elemental,0
2476,Icy Web,15,,2 turns,,100%,Elemental,0
2508,Storm Breath,25,,,,100%,Elemental,0
1022,Plot Twist,21,,,,100%,Beast,0
1029,Dominance,,,2 turns,2 turns,100%,Beast,0
2234,Freezing Spray,20,,,,100%,Aquatic,0
2243,Elemental Gatling Gun,36,,,2 turns,75%,Aquatic,0
2402,Steady Snap,30,,,,50%,Aquatic,0
2472,Thundertongue,30,,,2 turns,100%,Aquatic,0
1080,Booby-Trapped Presents,,,9 turns,5 turns,100%,Mechanical,0
1585,Alert!,21,,,,100%,Mechanical,0
2241,Omni Pummel,24,,,3 turns,100%,Mechanical,0
2483,Anvil Drop,32,,1 turns,2 turns,100%,Mechanical,0
2526,Hammering Drill,48,,,,100%,Mechanical,0
2009,Express Delivery,15,,,,100%,Humanoid,0
2335,Counterstrike X,60,,,2 turns,100%,Humanoid,0
2520,Dazzle,25,,2 turns,4 turns,100%,Humanoid,0
2522,Cataclysms Edge,21,,,,100%,Humanoid,0
588,Devastate,30,,1 turns,4 turns,100%,Dragonkin,0
2294,Soul Steal,14,50,,,100%,Undead,0
1088,Nairn!,15,,,,100%,Critter,0
2378,Rays of Light,26,15,,4 turns,100%,Magic,0
2440,Light of Creation,,,2 turns,5 turns,100%,Magic,0
2482,Sticky Surge,,,9 turns,5 turns,200%,Magic,0
584,Winter Spirit,20,,,,100%,Elemental,0
1587,Pound,40,,,,100%,Elemental,0
1054,Going Bonkers!,,,2 turns,3 turns,100%,Beast,0
1966,Great Sting,,,2 turns,4 turns,100%,Beast,0
2454,Devour the Weak,45,,,3 turns,100%,Beast,0
249,Grasp,15,,2 turns,,100%,Aquatic,0
2312,Whirlpool X,,,2 turns,3 turns,100%,Aquatic,0
1583,Warning!,,,,8 turns,100%,Mechanical,0
2338,Vault Drop,30,,1 turns,4 turns,100%,Mechanical,0
2351,Whirling Gears,36,,,5 turns,100%,Mechanical,0
2384,Hammer,10,,,4 turns,100%,Mechanical,0
2463,Dive Bomb,45,,,5 turns,100%,Mechanical,0
761,Heroic Leap,30,,1 turns,4 turns,100%,Humanoid,0
2527,Surge of Darkness,25,,1 turns,3 turns,25%,Humanoid,0
1934,Bronze Breath,21,,,,100%,Dragonkin,0
2311,Flyby X,20,,5 turns,,100%,Flying,0
2400,Furious Flapping,10,,,1 turns,100%,Flying,0
2289,Meat Hook,10,,,2 turns,100%,Undead,0
2506,Surrender in Terror,,,,,200%,Undead,0
439,Onyx Wall,,,,5 turns,100%,Magic,0
600,Time Stop,,,1 turns,5 turns,100%,Magic,0
2503,Elune's Grace,,54,,5 turns,100%,Magic,0
2528,Void Burst,60,,,,100%,Magic,0
265,Boulder Toss,20,,2 turns,,100%,Elemental,0
1724,Transmute: Enemy to On Fire,21,,,,100%,Elemental,0
1112,Tough n' Cuddly,,,3 turns,4 turns,100%,Beast,0
2058,Knot of Snakes,,,1 turns,5 turns,100%,Beast,0
2426,Bloody Revenge,40,120,,2 turns,100%,Beast,0
2206,Eat the Fly,,10,,3 turns,100%,Aquatic,0
2207,Evolving Bite,5,5000,5 turns,,100%,Aquatic,0
2319,Healing Wrap X,,40,,2 turns,100%,Aquatic,0
1922,Storm Coil,27,,,3 turns,100%,Mechanical,0
2225,Annoying Shield,,,1 turns,4 turns,100%,Mechanical,0
2240,Bore,20,,,,100%,Mechanical,0
2336,Decoy X,,,,4 turns,100%,Mechanical,0
2344,Mega Jolt,12,,4 turns,,100%,Mechanical,0
2467,Personal Inferno,13,,,,100%,Mechanical,0
1935,ReplaceAbilityThings,,,1 turns,,100%,Humanoid,0
1378,Righteous Inspiration,,,1 turns,8 turns,100%,Magic,0
2360,Void Tremors,,,2 turns,3 turns,100%,Magic,0
2499,Quantum Strike,30,,,,100%,Magic,0
945,Heat Up,,,3 turns,4 turns,100%,Elemental,0
1408,Reforge,,,2 turns,5 turns,100%,Elemental,0
2332,Spark X,40,,,1 turns,50%,Elemental,0
2385,Holy Nova,33,,,3 turns,100%,Elemental,0
2302,Hoof Pummel,30,,,,100%,Beast,0
2307,Deep Claw,21,,,,100%,Aquatic,0
2327,Toxic Spray X,50,,5 turns,5 turns,100%,Aquatic,0
2376,Ray of Hope,,45,9 turns,5 turns,100%,Aquatic,0
2093,Multi-Stab,40,,,,50%,Mechanical,0
2094,Zap,70,,,3 turns,100%,Mechanical,0
2422,Quick Dodge,,,1 turns,2 turns,100%,Humanoid,0
1956,Draconic Remedy,,60,,4 turns,100%,Dragonkin,0
615,DATA ERROR,70,,,,10%,Magic,0
2210,Murder the Innocent,,,,,200%,Magic,0
176,Volcano,,,3 turns,5 turns,100%,Elemental,0
1003,Gold Rush,50,,,1 turns,100%,Elemental,0
2024,Slow Digestion,20,,,3 turns,100%,Elemental,0
2028,Turn Up the Heat,20,,,,100%,Elemental,0
2317,Howl X,,,2 turns,3 turns,100%,Beast,0
2092,Terrify,10,,1 turns,2 turns,100%,Mechanical,0
2246,The Biggest Hammer,25,,100 turns,4 turns,100%,Mechanical,0
2448,Whirlwind Dance,25,,2 turns,4 turns,100%,Flying,0
2420,Super Acidic Goo,,,3 turns,,100%,Critter,0
2026,Rapid Consumption,20,,,3 turns,100%,Elemental,0
2423,Hungry Bite,30,200,,2 turns,100%,Beast,0
2416,Metal Shield,,,,2 turns,100%,Mechanical,0
2429,Massive Explosion,150,,,,100%,Mechanical,0
